id_str,from_user,text,created_at,time,geo_coordinates,user_lang,in_reply_to_user_id_str,in_reply_to_screen_name,from_user_id_str,in_reply_to_status_id_str,source,profile_image_url,user_followers_count,user_friends_count,user_utc_offset,status_url,entities_str
308947139654983681,markus_vgf,@florianklenk @MartinThuer wahlgeheimnis? müssen wahlzettel nicht versiegelt zur landesbehörde geschickt werden? frage an #beifunk,Tue Mar 05 14:28:32 +0000 2013,05/03/2013 14:28:32,,de,221508795,florianklenk,804346988,308946643728887808,web,http://a0.twimg.com/profile_images/2579080750/inf9wc30yolyj7h4wdrm_normal.jpeg,381,180,7200,http://twitter.com/markus_vgf/statuses/308947139654983681,"{""urls"":[],""hashtags"":[{""text"":""beifunk"",""indices"":[122,130]}],""user_mentions"":[{""id"":221508795,""name"":""Florian Klenk"",""indices"":[0,13],""screen_name"":""florianklenk"",""id_str"":""221508795""},{""id"":22470711,""name"":""Martin Thür"",""indices"":[14,26],""screen_name"":""MartinThuer"",""id_str"":""22470711""}]}"
308648474289774592,karntna_bua,"@stefan_petzner den 12er sprengel #stveit brauch ma nit neu auszählen, da hat alles gepaßt... #bzö #grüne #ktn13 #einestimme #beifunk",Mon Mar 04 18:41:45 +0000 2013,04/03/2013 18:41:45,,de,301974703,stefan_petzner,15776298,,"<a href=""http://www.tweetdeck.com"" rel=""nofollow"">TweetDeck</a>",http://a0.twimg.com/profile_images/1682755922/avatar_normal.jpg,840,1024,3600,http://twitter.com/karntna_bua/statuses/308648474289774592,"{""urls"":[],""hashtags"":[{""text"":""stveit"",""indices"":[34,41]},{""text"":""bzö"",""indices"":[94,98]},{""text"":""grüne"",""indices"":[99,105]},{""text"":""ktn13"",""indices"":[106,112]},{""text"":""einestimme"",""indices"":[113,124]},{""text"":""beifunk"",""indices"":[125,133]}],""user_mentions"":[{""id"":301974703,""name"":""Stefan Petzner"",""indices"":[0,15],""screen_name"":""stefan_petzner"",""id_str"":""301974703""}]}"
308596740603383809,AnChVIE,Freue mich schon auf Live-Berichterstattung vom #ktn13 recount :-) #beifunk,Mon Mar 04 15:16:11 +0000 2013,04/03/2013 15:16:11,,de,,,32221544,,"<a href=""http://www.tweetdeck.com"" rel=""nofollow"">TweetDeck</a>",http://a0.twimg.com/profile_images/2983204037/ed09c53d93c424795413d44ca72e7edb_normal.jpeg,1315,1068,3600,http://twitter.com/AnChVIE/statuses/308596740603383809,"{""urls"":[],""hashtags"":[{""text"":""ktn13"",""indices"":[48,54]},{""text"":""beifunk"",""indices"":[67,75]}],""user_mentions"":[]}"
308269689979678721,Kosak_Daniel,"ich gestehe, ich hab mich heute nicht so richtig aus dem wahllokal zu twittern getraut. #beifunk",Sun Mar 03 17:36:36 +0000 2013,03/03/2013 17:36:36,,de,,,474956396,,web,http://a0.twimg.com/profile_images/1782769745/kosak_2011_2_auge_normal.jpg,781,696,7200,http://twitter.com/Kosak_Daniel/statuses/308269689979678721,"{""urls"":[],""hashtags"":[{""text"":""beifunk"",""indices"":[88,96]}],""user_mentions"":[]}"
308258087775662082,GHJeitler,"Unser Sprengelergebnis: 46%V 18,1TS 14,3G 13,8S 6F #Sprengel29 #Baden #beifunk #noe13",Sun Mar 03 16:50:29 +0000 2013,03/03/2013 16:50:29,,de,,,18292054,,"<a href=""http://twitter.com/download/iphone"" rel=""nofollow"">Twitter for iPhone</a>",http://a0.twimg.com/profile_images/1127773332/GHJ_Portr_VPNOE_normal.jpg,461,282,3600,http://twitter.com/GHJeitler/statuses/308258087775662082,"{""urls"":[],""hashtags"":[{""text"":""Sprengel29"",""indices"":[51,62]},{""text"":""Baden"",""indices"":[63,69]},{""text"":""beifunk"",""indices"":[70,78]},{""text"":""noe13"",""indices"":[79,85]}],""user_mentions"":[]}"
308250026814091264,GHJeitler,Mein WTF vorher war übrigens im Internetsinne gemeint. #noe13 #beifunk,Sun Mar 03 16:18:28 +0000 2013,03/03/2013 16:18:28,,de,,,18292054,,"<a href=""http://twitter.com/download/iphone"" rel=""nofollow"">Twitter for iPhone</a>",http://a0.twimg.com/profile_images/1127773332/GHJ_Portr_VPNOE_normal.jpg,461,282,3600,http://twitter.com/GHJeitler/statuses/308250026814091264,"{""urls"":[],""hashtags"":[{""text"":""noe13"",""indices"":[55,61]},{""text"":""beifunk"",""indices"":[62,70]}],""user_mentions"":[]}"
308248244624953344,GHJeitler,18% Stronach bei uns im Sprengel. Wen's getroffen hat: F mit 6% #WTF #beifunk #noe13,Sun Mar 03 16:11:23 +0000 2013,03/03/2013 16:11:23,,de,,,18292054,,"<a href=""http://twitter.com/download/iphone"" rel=""nofollow"">Twitter for iPhone</a>",http://a0.twimg.com/profile_images/1127773332/GHJ_Portr_VPNOE_normal.jpg,461,282,3600,http://twitter.com/GHJeitler/statuses/308248244624953344,"{""urls"":[],""hashtags"":[{""text"":""WTF"",""indices"":[64,68]},{""text"":""beifunk"",""indices"":[69,77]},{""text"":""noe13"",""indices"":[78,84]}],""user_mentions"":[]}"
308245194606800898,mayer_michl,"über #ktn13 ist ja über den tag verteilt was durchgesickert, nur bei #noe13 absolut gar nichts #beifunk. bin gespannt!",Sun Mar 03 15:59:15 +0000 2013,03/03/2013 15:59:15,,en,,,53034800,,web,http://a0.twimg.com/profile_images/3039760898/7296ed2b0a0437f1851cf46a5c0ad52f_normal.jpeg,368,425,-10800,http://twitter.com/mayer_michl/statuses/308245194606800898,"{""urls"":[],""hashtags"":[{""text"":""ktn13"",""indices"":[5,11]},{""text"":""noe13"",""indices"":[69,75]},{""text"":""beifunk"",""indices"":[95,103]}],""user_mentions"":[]}"
308241311062966273,obichan,"gefällt mir. RT @hmjahnel Sprengel 8110: spö 33%, grün 31%, övp 12%, ts 10%, fpk 7% #ktn13, #beifunk",Sun Mar 03 15:43:50 +0000 2013,03/03/2013 15:43:50,,en,,,51894745,,"<a href=""http://www.tweetdeck.com"" rel=""nofollow"">TweetDeck</a>",http://a0.twimg.com/profile_images/2131178277/422983_3610585027385_1356514067_3583551_485554454_n_normal.jpg,468,529,3600,http://twitter.com/obichan/statuses/308241311062966273,"{""urls"":[],""hashtags"":[{""text"":""ktn13"",""indices"":[84,90]},{""text"":""beifunk"",""indices"":[92,100]}],""user_mentions"":[{""id"":43342755,""name"":""Hans Michael Jahnel"",""indices"":[16,25],""screen_name"":""hmjahnel"",""id_str"":""43342755""}]}"
308241025984520192,karntna_bua,"#stveit spr. 12: #spö 39,63 #övp 13,71 #fpk 13,11 #grüne 12,80 #bzö 9,45 #ts 9,14 andere 2,31 #ktn13 #ktn2013 #beifunk",Sun Mar 03 15:42:42 +0000 2013,03/03/2013 15:42:42,,de,,,15776298,,"<a href=""http://www.tweetdeck.com"" rel=""nofollow"">TweetDeck</a>",http://a0.twimg.com/profile_images/1682755922/avatar_normal.jpg,841,1024,3600,http://twitter.com/karntna_bua/statuses/308241025984520192,"{""urls"":[],""hashtags"":[{""text"":""stveit"",""indices"":[0,7]},{""text"":""spö"",""indices"":[17,21]},{""text"":""övp"",""indices"":[28,32]},{""text"":""fpk"",""indices"":[39,43]},{""text"":""grüne"",""indices"":[50,56]},{""text"":""bzö"",""indices"":[63,67]},{""text"":""ts"",""indices"":[73,76]},{""text"":""ktn13"",""indices"":[94,100]},{""text"":""ktn2013"",""indices"":[101,109]},{""text"":""beifunk"",""indices"":[110,118]}],""user_mentions"":[]}"
308237074652352512,stefan2904,"RT @hmjahnel: Sprengel 8110: spö 33%, grün 31%, övp 12%, ts 10%, fpk 7% #ktn13, #beifunk",Sun Mar 03 15:27:00 +0000 2013,03/03/2013 15:27:00,,en,,,1549341,,"<a href=""http://www.tweetdeck.com"" rel=""nofollow"">TweetDeck</a>",http://a0.twimg.com/profile_images/2046713220/LMHRshow_normal.gif,844,561,3600,http://twitter.com/stefan2904/statuses/308237074652352512,"{""urls"":[],""hashtags"":[{""text"":""ktn13"",""indices"":[72,78]},{""text"":""beifunk"",""indices"":[80,88]}],""user_mentions"":[{""id"":43342755,""name"":""Hans Michael Jahnel"",""indices"":[3,12],""screen_name"":""hmjahnel"",""id_str"":""43342755""}]}"
308234226841575424,Semmelbroesl,Bin mit dem Ergebnis zufrieden. :) #beifunk #noe13,Sun Mar 03 15:15:41 +0000 2013,03/03/2013 15:15:41,,de,,,70365383,,"<a href=""http://rowiapp.com"" rel=""nofollow"">rowi for Windows Phone</a>",http://a0.twimg.com/profile_images/3246405915/f5f3732823e24f6d20eba63baada1fe6_normal.jpeg,90,117,3600,http://twitter.com/Semmelbroesl/statuses/308234226841575424,"{""urls"":[],""hashtags"":[{""text"":""beifunk"",""indices"":[35,43]},{""text"":""noe13"",""indices"":[44,50]}],""user_mentions"":[]}"
308216563838906369,Svejk,"@kiwifruit_ Jaja, Verfassung ist was Böses... #sarkasmus #beifunk",Sun Mar 03 14:05:29 +0000 2013,03/03/2013 14:05:29,,de,20563106,kiwifruit_,6467932,308215984420962304,"<a href=""http://www.hootsuite.com"" rel=""nofollow"">HootSuite</a>",http://a0.twimg.com/profile_images/1640876950/gerhardbearbeitethg2_normal.jpg,2337,958,3600,http://twitter.com/Svejk/statuses/308216563838906369,"{""urls"":[],""hashtags"":[{""text"":""sarkasmus"",""indices"":[46,56]},{""text"":""beifunk"",""indices"":[57,65]}],""user_mentions"":[{""id"":20563106,""name"":""Erwin K."",""indices"":[0,11],""screen_name"":""kiwifruit_"",""id_str"":""20563106""}]}"
308216313262768128,Semmelbroesl,Darf ich einen ungültigen Stimmzettel twittern? #beifunk,Sun Mar 03 14:04:30 +0000 2013,03/03/2013 14:04:30,,de,,,70365383,,"<a href=""http://rowiapp.com"" rel=""nofollow"">rowi for Windows Phone</a>",http://a0.twimg.com/profile_images/3246405915/f5f3732823e24f6d20eba63baada1fe6_normal.jpeg,90,117,3600,http://twitter.com/Semmelbroesl/statuses/308216313262768128,"{""urls"":[],""hashtags"":[{""text"":""beifunk"",""indices"":[48,56]}],""user_mentions"":[]}"
308215984420962304,kiwifruit_,"da hat wer angst vom internet (;
RT @Svejk: NOCHMALS DRINGENDER HINWEIS: BRUCH VON SPERRFRIST KANN ZU WAHLAUFHEBUNG FÜHREN!!! #beifunk",Sun Mar 03 14:03:11 +0000 2013,03/03/2013 14:03:11,,en,,,20563106,,"<a href=""http://tapbots.com/tweetbot"" rel=""nofollow"">Tweetbot for iOS</a>",http://a0.twimg.com/profile_images/3228570008/8d7f2c33f4eb4beae61ce7c8a5b47a5c_normal.jpeg,591,437,3600,http://twitter.com/kiwifruit_/statuses/308215984420962304,"{""urls"":[],""hashtags"":[{""text"":""beifunk"",""indices"":[126,134]}],""user_mentions"":[{""id"":6467932,""name"":""Gerhard W. Loub"",""indices"":[36,42],""screen_name"":""Svejk"",""id_str"":""6467932""}]}"
308215469532389377,karntna_bua,countdown... 60 minutes to go... #stveit #ktn13 #beifunk,Sun Mar 03 14:01:08 +0000 2013,03/03/2013 14:01:08,,de,,,15776298,,"<a href=""http://www.tweetdeck.com"" rel=""nofollow"">TweetDeck</a>",http://a0.twimg.com/profile_images/1682755922/avatar_normal.jpg,842,1024,3600,http://twitter.com/karntna_bua/statuses/308215469532389377,"{""urls"":[],""hashtags"":[{""text"":""stveit"",""indices"":[33,40]},{""text"":""ktn13"",""indices"":[41,47]},{""text"":""beifunk"",""indices"":[48,56]}],""user_mentions"":[]}"
308213117786136576,Svejk,NOCHMALS DRINGENDER HINWEIS: BRUCH VON SPERRFRIST KANN ZU WAHLAUFHEBUNG FÜHREN!!! #beifunk,Sun Mar 03 13:51:48 +0000 2013,03/03/2013 13:51:48,,de,,,6467932,,"<a href=""http://www.hootsuite.com"" rel=""nofollow"">HootSuite</a>",http://a0.twimg.com/profile_images/1640876950/gerhardbearbeitethg2_normal.jpg,2337,958,3600,http://twitter.com/Svejk/statuses/308213117786136576,"{""urls"":[],""hashtags"":[{""text"":""beifunk"",""indices"":[82,90]}],""user_mentions"":[]}"
308211576526229504,MichaelMeindl,Schremser Ergebnis steht fest! Und 76% Wahlbeteiligung. #beifunk #noe13,Sun Mar 03 13:45:40 +0000 2013,03/03/2013 13:45:40,,de,,,864836875,,"<a href=""http://twitter.com/download/iphone"" rel=""nofollow"">Twitter for iPhone</a>",http://a0.twimg.com/profile_images/2734453688/1a788e9f580a0b34b38b3c7019c59353_normal.jpeg,26,112,,http://twitter.com/MichaelMeindl/statuses/308211576526229504,"{""urls"":[],""hashtags"":[{""text"":""beifunk"",""indices"":[56,64]},{""text"":""noe13"",""indices"":[65,71]}],""user_mentions"":[]}"
308207497028722688,desperado_joe,nur rund 60% wahlbeteiligung in meinem sprengel #noe13 #beifunk,Sun Mar 03 13:29:28 +0000 2013,03/03/2013 13:29:28,,de,,,339701795,,web,http://a0.twimg.com/profile_images/1453428837/fischaug_normal.jpg,37,166,3600,http://twitter.com/desperado_joe/statuses/308207497028722688,"{""urls"":[],""hashtags"":[{""text"":""noe13"",""indices"":[48,54]},{""text"":""beifunk"",""indices"":[55,63]}],""user_mentions"":[]}"
308200563802247168,Semmelbroesl,Wahllokale Winzendorf/Muthmannsdorf sind hiermit geschlossen. #beifunk #noe13,Sun Mar 03 13:01:55 +0000 2013,03/03/2013 13:01:55,,de,,,70365383,,"<a href=""http://rowiapp.com"" rel=""nofollow"">rowi for Windows Phone</a>",http://a0.twimg.com/profile_images/3246405915/f5f3732823e24f6d20eba63baada1fe6_normal.jpeg,89,117,3600,http://twitter.com/Semmelbroesl/statuses/308200563802247168,"{""urls"":[],""hashtags"":[{""text"":""beifunk"",""indices"":[62,70]},{""text"":""noe13"",""indices"":[71,77]}],""user_mentions"":[]}"
308200538133127168,GHJeitler,Soeben 50% Wahlbeteiligung erreicht - 2h haben wir noch offen. #beifunk #noe13 #Baden #Sprengel29,Sun Mar 03 13:01:49 +0000 2013,03/03/2013 13:01:49,,de,,,18292054,,"<a href=""http://twitter.com/#!/download/ipad"" rel=""nofollow"">Twitter for iPad</a>",http://a0.twimg.com/profile_images/1127773332/GHJ_Portr_VPNOE_normal.jpg,460,282,3600,http://twitter.com/GHJeitler/statuses/308200538133127168,"{""urls"":[],""hashtags"":[{""text"":""beifunk"",""indices"":[63,71]},{""text"":""noe13"",""indices"":[72,78]},{""text"":""Baden"",""indices"":[79,85]},{""text"":""Sprengel29"",""indices"":[86,97]}],""user_mentions"":[]}"
308200240589176832,mayer_michl,und als nächsten schritt etablieren wir #beifunk bei der konklave! ;),Sun Mar 03 13:00:38 +0000 2013,03/03/2013 13:00:38,,en,,,53034800,,web,http://a0.twimg.com/profile_images/3039760898/7296ed2b0a0437f1851cf46a5c0ad52f_normal.jpeg,365,425,-10800,http://twitter.com/mayer_michl/statuses/308200240589176832,"{""urls"":[],""hashtags"":[{""text"":""beifunk"",""indices"":[40,48]}],""user_mentions"":[]}"
308199243376635905,Semmelbroesl,"Bisher 310, nein moment, 311 Wähler Wähler bei uns. 3/4 des Wahlsprengels war wählen. #beifunk",Sun Mar 03 12:56:40 +0000 2013,03/03/2013 12:56:40,,de,,,70365383,,"<a href=""http://rowiapp.com"" rel=""nofollow"">rowi for Windows Phone</a>",http://a0.twimg.com/profile_images/3246405915/f5f3732823e24f6d20eba63baada1fe6_normal.jpeg,89,117,3600,http://twitter.com/Semmelbroesl/statuses/308199243376635905,"{""urls"":[],""hashtags"":[{""text"":""beifunk"",""indices"":[86,94]}],""user_mentions"":[]}"
308198545222160384,GHJeitler,Hat jemand erste Trends? Freu mich über Direktnachrichten. #noe13 #beifunk,Sun Mar 03 12:53:53 +0000 2013,03/03/2013 12:53:53,,de,,,18292054,,"<a href=""http://twitter.com/#!/download/ipad"" rel=""nofollow"">Twitter for iPad</a>",http://a0.twimg.com/profile_images/1127773332/GHJ_Portr_VPNOE_normal.jpg,460,282,3600,http://twitter.com/GHJeitler/statuses/308198545222160384,"{""urls"":[],""hashtags"":[{""text"":""noe13"",""indices"":[59,65]},{""text"":""beifunk"",""indices"":[66,74]}],""user_mentions"":[]}"
308194724601294848,MichaelMeindl,76% Wahlbeteiligung in meinem Sprengel... #beifunk #noe13,Sun Mar 03 12:38:42 +0000 2013,03/03/2013 12:38:42,,de,,,864836875,,"<a href=""http://twitter.com/download/iphone"" rel=""nofollow"">Twitter for iPhone</a>",http://a0.twimg.com/profile_images/2734453688/1a788e9f580a0b34b38b3c7019c59353_normal.jpeg,25,112,,http://twitter.com/MichaelMeindl/statuses/308194724601294848,"{""urls"":[],""hashtags"":[{""text"":""beifunk"",""indices"":[42,50]},{""text"":""noe13"",""indices"":[51,57]}],""user_mentions"":[]}"
308194582074650624,GHJeitler,"@jackoty Nein, das sind die Sackln für die AUSGEZÄHLTEN Stimmen. Der Einwurf in die Urne erfolgt in einem blauen Kuvert. #beifunk #noe13",Sun Mar 03 12:38:09 +0000 2013,03/03/2013 12:38:09,,de,17207710,jackoty,18292054,308168014925287424,"<a href=""http://twitter.com/#!/download/ipad"" rel=""nofollow"">Twitter for iPad</a>",http://a0.twimg.com/profile_images/1127773332/GHJ_Portr_VPNOE_normal.jpg,460,282,3600,http://twitter.com/GHJeitler/statuses/308194582074650624,"{""urls"":[],""hashtags"":[{""text"":""beifunk"",""indices"":[121,129]},{""text"":""noe13"",""indices"":[130,136]}],""user_mentions"":[{""id"":17207710,""name"":""Jakob Gasser"",""indices"":[0,8],""screen_name"":""jackoty"",""id_str"":""17207710""}]}"
308192650887057408,bachleitner,"Die #FPK hofft, heute so im Ziel zu landen: http://t.co/hwSXjQAW3g Könnte aber auch so ausgehen: http://t.co/zr0Vy3Blck #beifunk #ktn13",Sun Mar 03 12:30:28 +0000 2013,03/03/2013 12:30:28,,de,,,34888442,,web,http://a0.twimg.com/profile_images/2980193386/466d5f5414b8c4d1c4177cd384d47669_normal.jpeg,3286,1082,3600,http://twitter.com/bachleitner/statuses/308192650887057408,"{""urls"":[{""expanded_url"":""http://youtu.be/8TV9wej0WtM"",""indices"":[44,66],""display_url"":""youtu.be/8TV9wej0WtM"",""url"":""http://t.co/hwSXjQAW3g""},{""expanded_url"":""http://youtu.be/D4O4C75nKJU"",""indices"":[97,119],""display_url"":""youtu.be/D4O4C75nKJU"",""url"":""http://t.co/zr0Vy3Blck""}],""hashtags"":[{""text"":""FPK"",""indices"":[4,8]},{""text"":""beifunk"",""indices"":[120,128]},{""text"":""ktn13"",""indices"":[129,135]}],""user_mentions"":[]}"
308187808198168577,mayer_michl,alle kandidatInnen der ltw in #nö hat die apa gelistet: http://t.co/xqlWpnOquV #zahlendatenfakten #beifunk,Sun Mar 03 12:11:13 +0000 2013,03/03/2013 12:11:13,,en,,,53034800,,web,http://a0.twimg.com/profile_images/3039760898/7296ed2b0a0437f1851cf46a5c0ad52f_normal.jpeg,364,424,-10800,http://twitter.com/mayer_michl/statuses/308187808198168577,"{""urls"":[{""expanded_url"":""http://www.ots.at/politik/personen//niederoesterreich"",""indices"":[56,78],""display_url"":""ots.at/politik/person\u2026"",""url"":""http://t.co/xqlWpnOquV""}],""hashtags"":[{""text"":""nö"",""indices"":[30,33]},{""text"":""zahlendatenfakten"",""indices"":[79,97]},{""text"":""beifunk"",""indices"":[98,106]}],""user_mentions"":[]}"
308186918674395137,mayer_michl,"übrigens, der erste tweet, der die sperrfrist missachtet, ist bereits versendet. #noe13 #beifunk",Sun Mar 03 12:07:41 +0000 2013,03/03/2013 12:07:41,,en,,,53034800,,web,http://a0.twimg.com/profile_images/3039760898/7296ed2b0a0437f1851cf46a5c0ad52f_normal.jpeg,364,424,-10800,http://twitter.com/mayer_michl/statuses/308186918674395137,"{""urls"":[],""hashtags"":[{""text"":""noe13"",""indices"":[81,87]},{""text"":""beifunk"",""indices"":[88,96]}],""user_mentions"":[]}"
308186786511867904,sojabohne_,gibt's #beifunk-menschen in meiner timeline? ;) #nö13 #ktn13,Sun Mar 03 12:07:10 +0000 2013,03/03/2013 12:07:10,,en,,,65919746,,web,http://a0.twimg.com/profile_images/2796539829/97437026e7cee68ec3c63d11010ed33f_normal.png,177,195,,http://twitter.com/sojabohne_/statuses/308186786511867904,"{""urls"":[],""hashtags"":[{""text"":""beifunk"",""indices"":[7,15]},{""text"":""nö13"",""indices"":[48,53]},{""text"":""ktn13"",""indices"":[54,60]}],""user_mentions"":[]}"
308186351340240896,mayer_michl,"#zahldatenfakten: in #nö dürfen heute 1,403.808 menschen wählen. #noe13 #beifunk",Sun Mar 03 12:05:26 +0000 2013,03/03/2013 12:05:26,,en,,,53034800,,web,http://a0.twimg.com/profile_images/3039760898/7296ed2b0a0437f1851cf46a5c0ad52f_normal.jpeg,364,424,-10800,http://twitter.com/mayer_michl/statuses/308186351340240896,"{""urls"":[],""hashtags"":[{""text"":""zahldatenfakten"",""indices"":[0,16]},{""text"":""nö"",""indices"":[21,24]},{""text"":""noe13"",""indices"":[65,71]},{""text"":""beifunk"",""indices"":[72,80]}],""user_mentions"":[]}"
308184594753126400,karntna_bua,blauer himmel über #kärnten... #stveit #ktn13 #beifunk... btw im turm is sprengl mo. 2 http://t.co/WPLFPRZPbN,Sun Mar 03 11:58:27 +0000 2013,03/03/2013 11:58:27,,de,,,15776298,,"<a href=""http://instagram.com"" rel=""nofollow"">Instagram</a>",http://a0.twimg.com/profile_images/1682755922/avatar_normal.jpg,842,1024,3600,http://twitter.com/karntna_bua/statuses/308184594753126400,"{""urls"":[{""expanded_url"":""http://instagr.am/p/WZP2hGJgOz/"",""indices"":[87,109],""display_url"":""instagr.am/p/WZP2hGJgOz/"",""url"":""http://t.co/WPLFPRZPbN""}],""hashtags"":[{""text"":""kärnten"",""indices"":[19,27]},{""text"":""stveit"",""indices"":[31,38]},{""text"":""ktn13"",""indices"":[39,45]},{""text"":""beifunk"",""indices"":[46,54]}],""user_mentions"":[]}"
308183514833100800,JuliaSpacil,"@nora_kabora Weit weniger als bei der Volksbefragung im Jänner, aber es gibt schon auch diesmal #beifunk",Sun Mar 03 11:54:10 +0000 2013,03/03/2013 11:54:10,,de,49009102,nora_kabora,529264395,308183120677584897,web,http://a0.twimg.com/profile_images/3061381479/8affe2e6929c6e95f1cf0dcf66730261_normal.jpeg,358,485,,http://twitter.com/JuliaSpacil/statuses/308183514833100800,"{""urls"":[],""hashtags"":[{""text"":""beifunk"",""indices"":[96,104]}],""user_mentions"":[{""id"":49009102,""name"":""Eleonora Kleibel"",""indices"":[0,12],""screen_name"":""nora_kabora"",""id_str"":""49009102""}]}"
308183232380293120,Semmelbroesl,"Wenn 5 versch Leute ihre Wahlkarte gleichzeitig abgeben könnt ich auszucken, dann komm ich mit dem schreiben ned nach. #beifunk",Sun Mar 03 11:53:03 +0000 2013,03/03/2013 11:53:03,,de,,,70365383,,"<a href=""http://rowiapp.com"" rel=""nofollow"">rowi for Windows Phone</a>",http://a0.twimg.com/profile_images/3246405915/f5f3732823e24f6d20eba63baada1fe6_normal.jpeg,89,117,3600,http://twitter.com/Semmelbroesl/statuses/308183232380293120,"{""urls"":[],""hashtags"":[{""text"":""beifunk"",""indices"":[119,127]}],""user_mentions"":[]}"
308183120677584897,nora_kabora,Gibt's heute aus #ktn13 und #nö13 eigentlich auch #beifunk?,Sun Mar 03 11:52:36 +0000 2013,03/03/2013 11:52:36,,en,,,49009102,,web,http://a0.twimg.com/profile_images/3292429303/295ccf2e30b50783c0767d0860ab1e70_normal.jpeg,447,350,12600,http://twitter.com/nora_kabora/statuses/308183120677584897,"{""urls"":[],""hashtags"":[{""text"":""ktn13"",""indices"":[17,23]},{""text"":""nö13"",""indices"":[28,33]},{""text"":""beifunk"",""indices"":[50,58]}],""user_mentions"":[]}"
308181928819961856,mayer_michl,#beifunk grünbach/schneeberg: direkt vorm eingang zum wahllokal ein großes #pröll-plakat http://t.co/eWJDxWwcNJ,Sun Mar 03 11:47:52 +0000 2013,03/03/2013 11:47:52,,en,,,53034800,,web,http://a0.twimg.com/profile_images/3039760898/7296ed2b0a0437f1851cf46a5c0ad52f_normal.jpeg,364,424,-10800,http://twitter.com/mayer_michl/statuses/308181928819961856,"{""urls"":[],""hashtags"":[{""text"":""beifunk"",""indices"":[0,8]},{""text"":""pröll"",""indices"":[75,81]}],""media"":[{""sizes"":{""thumb"":{""w"":150,""resize"":""crop"",""h"":150},""small"":{""w"":340,""resize"":""fit"",""h"":191},""large"":{""w"":1024,""resize"":""fit"",""h"":576},""medium"":{""w"":600,""resize"":""fit"",""h"":338}},""id"":308181928828350464,""media_url_https"":""https://pbs.twimg.com/media/BEbh1NoCMAALZ2s.jpg"",""media_url"":""http://pbs.twimg.com/media/BEbh1NoCMAALZ2s.jpg"",""expanded_url"":""http://twitter.com/mayer_michl/status/308181928819961856/photo/1"",""indices"":[89,111],""id_str"":""308181928828350464"",""type"":""photo"",""display_url"":""pic.twitter.com/eWJDxWwcNJ"",""url"":""http://t.co/eWJDxWwcNJ""}],""user_mentions"":[]}"
308180960913006592,Semmelbroesl,Also schon langsam quält uns hier der Hunger. #beifunk,Sun Mar 03 11:44:01 +0000 2013,03/03/2013 11:44:01,,de,,,70365383,,"<a href=""http://rowiapp.com"" rel=""nofollow"">rowi for Windows Phone</a>",http://a0.twimg.com/profile_images/3246405915/f5f3732823e24f6d20eba63baada1fe6_normal.jpeg,89,117,3600,http://twitter.com/Semmelbroesl/statuses/308180960913006592,"{""urls"":[],""hashtags"":[{""text"":""beifunk"",""indices"":[46,54]}],""user_mentions"":[]}"
308179779377590272,mayer_michl,bei der ltw gibts wieder interessante öffnungszeiten der wahllokale: https://t.co/P9cCfQ6AZ9 (rote hervorhebungen von mir) #noe13 #beifunk,Sun Mar 03 11:39:19 +0000 2013,03/03/2013 11:39:19,,en,,,53034800,,web,http://a0.twimg.com/profile_images/3039760898/7296ed2b0a0437f1851cf46a5c0ad52f_normal.jpeg,364,424,-10800,http://twitter.com/mayer_michl/statuses/308179779377590272,"{""urls"":[{""expanded_url"":""https://docs.google.com/file/d/0B9S1oakL4nlRQWpieW94aUpOam8/edit?usp\u003dsharing"",""indices"":[69,92],""display_url"":""docs.google.com/file/d/0B9S1oa\u2026"",""url"":""https://t.co/P9cCfQ6AZ9""}],""hashtags"":[{""text"":""noe13"",""indices"":[123,129]},{""text"":""beifunk"",""indices"":[130,138]}],""user_mentions"":[]}"
308176910519771136,mayer_michl,"gab ein happy end: nach einem kurzen anruf war ihm klar, dass ich auch in diesem sprengel wählen darf #beifunk",Sun Mar 03 11:27:55 +0000 2013,03/03/2013 11:27:55,,en,,,53034800,,"<a href=""https://mobile.twitter.com"" rel=""nofollow"">Mobile Web (M2)</a>",http://a0.twimg.com/profile_images/3039760898/7296ed2b0a0437f1851cf46a5c0ad52f_normal.jpeg,364,424,-10800,http://twitter.com/mayer_michl/statuses/308176910519771136,"{""urls"":[],""hashtags"":[{""text"":""beifunk"",""indices"":[102,110]}],""user_mentions"":[]}"
308176566754607104,mayer_michl,"zitat: im andern sprengel wählen wär besser gewesen, da hätt ma weniger arbeit #beifunk",Sun Mar 03 11:26:33 +0000 2013,03/03/2013 11:26:33,,en,,,53034800,,"<a href=""https://mobile.twitter.com"" rel=""nofollow"">Mobile Web (M2)</a>",http://a0.twimg.com/profile_images/3039760898/7296ed2b0a0437f1851cf46a5c0ad52f_normal.jpeg,364,424,-10800,http://twitter.com/mayer_michl/statuses/308176566754607104,"{""urls"":[],""hashtags"":[{""text"":""beifunk"",""indices"":[79,87]}],""user_mentions"":[]}"
308176110254960640,mayer_michl,"das prinzp wahlkarte ist noch überall angekommen. Musste gerade einem sprengelleiter erklären, dass ich damit wählen darf :) #beifunk",Sun Mar 03 11:24:44 +0000 2013,03/03/2013 11:24:44,,en,,,53034800,,"<a href=""https://mobile.twitter.com"" rel=""nofollow"">Mobile Web (M2)</a>",http://a0.twimg.com/profile_images/3039760898/7296ed2b0a0437f1851cf46a5c0ad52f_normal.jpeg,364,424,-10800,http://twitter.com/mayer_michl/statuses/308176110254960640,"{""urls"":[],""hashtags"":[{""text"":""beifunk"",""indices"":[125,133]}],""user_mentions"":[]}"
308175772688982016,karntna_bua,@thomas_mohr @MartinThuer sorry... #sperrfrist betrifft wohl nur apa-kunden... steht nicht  in landeswahlordnung... #ktn13 #beifunk,Sun Mar 03 11:23:24 +0000 2013,03/03/2013 11:23:24,,de,22482556,thomas_mohr,15776298,,"<a href=""http://www.tweetdeck.com"" rel=""nofollow"">TweetDeck</a>",http://a0.twimg.com/profile_images/1682755922/avatar_normal.jpg,842,1024,3600,http://twitter.com/karntna_bua/statuses/308175772688982016,"{""urls"":[],""hashtags"":[{""text"":""sperrfrist"",""indices"":[35,46]},{""text"":""ktn13"",""indices"":[116,122]},{""text"":""beifunk"",""indices"":[123,131]}],""user_mentions"":[{""id"":22482556,""name"":""Thomas Mohr"",""indices"":[0,12],""screen_name"":""thomas_mohr"",""id_str"":""22482556""},{""id"":22470711,""name"":""Martin Thür"",""indices"":[13,25],""screen_name"":""MartinThuer"",""id_str"":""22470711""}]}"
308171931578925057,Semmelbroesl,Mittlerweile waren wieder 35 Leute da. #beifunk,Sun Mar 03 11:08:08 +0000 2013,03/03/2013 11:08:08,,de,,,70365383,,"<a href=""http://rowiapp.com"" rel=""nofollow"">rowi for Windows Phone</a>",http://a0.twimg.com/profile_images/3246405915/f5f3732823e24f6d20eba63baada1fe6_normal.jpeg,89,117,3600,http://twitter.com/Semmelbroesl/statuses/308171931578925057,"{""urls"":[],""hashtags"":[{""text"":""beifunk"",""indices"":[39,47]}],""user_mentions"":[]}"
308167797563863040,karntna_bua,50% wbt gehen sich in mein sprengel vor 12.00 nun doch knapp nicht aus... #ktn13 #beifunk,Sun Mar 03 10:51:43 +0000 2013,03/03/2013 10:51:43,,de,,,15776298,,"<a href=""http://www.tweetdeck.com"" rel=""nofollow"">TweetDeck</a>",http://a0.twimg.com/profile_images/1682755922/avatar_normal.jpg,842,1024,3600,http://twitter.com/karntna_bua/statuses/308167797563863040,"{""urls"":[],""hashtags"":[{""text"":""ktn13"",""indices"":[74,80]},{""text"":""beifunk"",""indices"":[81,89]}],""user_mentions"":[]}"
308167286601170944,GHJeitler,Hier unsere Stimmzettelkuverts. ÖVP in XXL-Müllsack-Transparenzversion. #beifunk #noe13 http://t.co/3PY46hwWPd,Sun Mar 03 10:49:41 +0000 2013,03/03/2013 10:49:41,,de,,,18292054,,"<a href=""http://twitter.com/download/iphone"" rel=""nofollow"">Twitter for iPhone</a>",http://a0.twimg.com/profile_images/1127773332/GHJ_Portr_VPNOE_normal.jpg,460,282,3600,http://twitter.com/GHJeitler/statuses/308167286601170944,"{""urls"":[],""hashtags"":[{""text"":""beifunk"",""indices"":[72,80]},{""text"":""noe13"",""indices"":[81,87]}],""media"":[{""sizes"":{""small"":{""w"":340,""resize"":""fit"",""h"":255},""thumb"":{""w"":150,""resize"":""crop"",""h"":150},""large"":{""w"":1024,""resize"":""fit"",""h"":768},""medium"":{""w"":600,""resize"":""fit"",""h"":450}},""id"":308167286609559552,""media_url_https"":""https://pbs.twimg.com/media/BEbUg7HCQAA1Wzs.jpg"",""media_url"":""http://pbs.twimg.com/media/BEbUg7HCQAA1Wzs.jpg"",""expanded_url"":""http://twitter.com/GHJeitler/status/308167286601170944/photo/1"",""indices"":[88,110],""id_str"":""308167286609559552"",""type"":""photo"",""display_url"":""pic.twitter.com/3PY46hwWPd"",""url"":""http://t.co/3PY46hwWPd""}],""user_mentions"":[]}"
308164911891091457,kurtegger,#beifunk 336 Wähler in Sprengel 2 Reichenau / Rax,Sun Mar 03 10:40:15 +0000 2013,03/03/2013 10:40:15,,en,,,161781909,,"<a href=""http://twitter.com/download/iphone"" rel=""nofollow"">Twitter for iPhone</a>",http://a0.twimg.com/profile_images/1130842827/kurtegger_square_normal.jpg,7,11,3600,http://twitter.com/kurtegger/statuses/308164911891091457,"{""urls"":[],""hashtags"":[{""text"":""beifunk"",""indices"":[0,8]}],""user_mentions"":[]}"
308164678868140033,GHJeitler,"Für alle Parteien haben wir Stimmzettel-Kuverts, nur für die ÖVP gleich transparente Plastiksackerln in Müllsackgröße. #beifunk #noe13",Sun Mar 03 10:39:19 +0000 2013,03/03/2013 10:39:19,,de,,,18292054,,"<a href=""http://twitter.com/#!/download/ipad"" rel=""nofollow"">Twitter for iPad</a>",http://a0.twimg.com/profile_images/1127773332/GHJ_Portr_VPNOE_normal.jpg,460,282,3600,http://twitter.com/GHJeitler/statuses/308164678868140033,"{""urls"":[],""hashtags"":[{""text"":""beifunk"",""indices"":[119,127]},{""text"":""noe13"",""indices"":[128,134]}],""user_mentions"":[]}"
308163548264144896,Semmelbroesl,Wähler 200 Spaziert in unserem Winzendorfer Wahlsprengel 1 rein. WAS IST HEUTE LOS? #beifunk,Sun Mar 03 10:34:49 +0000 2013,03/03/2013 10:34:49,,de,,,70365383,,"<a href=""http://rowiapp.com"" rel=""nofollow"">rowi for Windows Phone</a>",http://a0.twimg.com/profile_images/3246405915/f5f3732823e24f6d20eba63baada1fe6_normal.jpeg,89,117,3600,http://twitter.com/Semmelbroesl/statuses/308163548264144896,"{""urls"":[],""hashtags"":[{""text"":""beifunk"",""indices"":[84,92]}],""user_mentions"":[]}"
308159038540099584,microwitz,"#ktn13 ""Wahlzuckerlschmaus"" http://t.co/yYqkpbM66P heute ab 14.00 Jugendstiltheater im Goethepark #Klagenfurt / #Celovec  #beifunk #kärnten",Sun Mar 03 10:16:54 +0000 2013,03/03/2013 10:16:54,,de,,,210957275,,web,http://a0.twimg.com/profile_images/1157627556/microwitz_normal.jpg,131,134,3600,http://twitter.com/microwitz/statuses/308159038540099584,"{""urls"":[{""expanded_url"":""http://just.vada.cc/"",""indices"":[28,50],""display_url"":""just.vada.cc"",""url"":""http://t.co/yYqkpbM66P""}],""hashtags"":[{""text"":""ktn13"",""indices"":[0,6]},{""text"":""Klagenfurt"",""indices"":[98,109]},{""text"":""Celovec"",""indices"":[112,120]},{""text"":""beifunk"",""indices"":[122,130]},{""text"":""kärnten"",""indices"":[131,139]}],""user_mentions"":[]}"
308152015530369024,GHJeitler,Status post Gottesdienst: &gt; 20% Wahlbeteiligung #Baden #Sprengel29 #beifunk #noe13,Sun Mar 03 09:49:00 +0000 2013,03/03/2013 09:49:00,,de,,,18292054,,"<a href=""http://twitter.com/#!/download/ipad"" rel=""nofollow"">Twitter for iPad</a>",http://a0.twimg.com/profile_images/1127773332/GHJ_Portr_VPNOE_normal.jpg,460,282,3600,http://twitter.com/GHJeitler/statuses/308152015530369024,"{""urls"":[],""hashtags"":[{""text"":""Baden"",""indices"":[51,57]},{""text"":""Sprengel29"",""indices"":[58,69]},{""text"":""beifunk"",""indices"":[70,78]},{""text"":""noe13"",""indices"":[79,85]}],""user_mentions"":[]}"
308143275871723520,BarfussimGarten,"@karntna_bua hat's dich wieder gepackt, die Lust am Berg, noch wievielten? Jahren Abstinenz? #beifunk",Sun Mar 03 09:14:16 +0000 2013,03/03/2013 09:14:16,,de,15776298,karntna_bua,211101569,308106320823844864,"<a href=""http://twitter.com/#!/download/ipad"" rel=""nofollow"">Twitter for iPad</a>",http://a0.twimg.com/profile_images/1158245366/P6260109_normal.jpg,337,698,-10800,http://twitter.com/BarfussimGarten/statuses/308143275871723520,"{""urls"":[],""hashtags"":[{""text"":""beifunk"",""indices"":[93,101]}],""user_mentions"":[{""id"":15776298,""name"":""Christian Passin"",""indices"":[0,12],""screen_name"":""karntna_bua"",""id_str"":""15776298""}]}"
308142023058276352,karntna_bua,warum sich alle über die größe des stimmzettels im a3-format aufregn... #stveit #ktn13 #beifunk,Sun Mar 03 09:09:17 +0000 2013,03/03/2013 09:09:17,,de,,,15776298,,"<a href=""http://www.tweetdeck.com"" rel=""nofollow"">TweetDeck</a>",http://a0.twimg.com/profile_images/1682755922/avatar_normal.jpg,841,1024,3600,http://twitter.com/karntna_bua/statuses/308142023058276352,"{""urls"":[],""hashtags"":[{""text"":""stveit"",""indices"":[72,79]},{""text"":""ktn13"",""indices"":[80,86]},{""text"":""beifunk"",""indices"":[87,95]}],""user_mentions"":[]}"
308140341347880960,karntna_bua,bei mir im sprengel brechen die roten farbstift zum ankreuzen dauernd ab... gutes omen? #ktn13 #beifunk,Sun Mar 03 09:02:37 +0000 2013,03/03/2013 09:02:37,,de,,,15776298,,"<a href=""http://www.tweetdeck.com"" rel=""nofollow"">TweetDeck</a>",http://a0.twimg.com/profile_images/1682755922/avatar_normal.jpg,841,1024,3600,http://twitter.com/karntna_bua/statuses/308140341347880960,"{""urls"":[],""hashtags"":[{""text"":""ktn13"",""indices"":[88,94]},{""text"":""beifunk"",""indices"":[95,103]}],""user_mentions"":[]}"
308139782599499776,Kosak_Daniel,"""Gebts ma 10 von de stimmzettel, dann kann i mei wohnzimmer damit tapezieren, so gross san de."" #beifunk",Sun Mar 03 09:00:23 +0000 2013,03/03/2013 09:00:23,,de,,,474956396,,"<a href=""http://blackberry.com/twitter"" rel=""nofollow"">Twitter for BlackBerry®</a>",http://a0.twimg.com/profile_images/1782769745/kosak_2011_2_auge_normal.jpg,781,696,7200,http://twitter.com/Kosak_Daniel/statuses/308139782599499776,"{""urls"":[],""hashtags"":[{""text"":""beifunk"",""indices"":[96,104]}],""user_mentions"":[]}"
308138938978168832,cms_consulting,"Österr #tradition ""@Kosak_Daniel: Gewaehlt wird immer noch nach der kirche, vor oder nach dem mittagessen. Weils immer so war. #beifunk""",Sun Mar 03 08:57:02 +0000 2013,03/03/2013 08:57:02,,en,,,113114939,,"<a href=""http://twitter.com/download/android"" rel=""nofollow"">Twitter for Android</a>",http://a0.twimg.com/profile_images/3234620241/36eaaa79026900a2fbb66da34d7dbc12_normal.jpeg,58,158,3600,http://twitter.com/cms_consulting/statuses/308138938978168832,"{""urls"":[],""hashtags"":[{""text"":""tradition"",""indices"":[7,17]},{""text"":""beifunk"",""indices"":[127,135]}],""user_mentions"":[{""id"":474956396,""name"":""Daniel Kosak"",""indices"":[19,32],""screen_name"":""Kosak_Daniel"",""id_str"":""474956396""}]}"
308137196374876160,GHJeitler,"Noch vor der Messe, und trotzdem schon über 10% bei mir im Sprengel 29 Baden. #beifunk #noe13",Sun Mar 03 08:50:07 +0000 2013,03/03/2013 08:50:07,,de,,,18292054,,"<a href=""http://twitter.com/#!/download/ipad"" rel=""nofollow"">Twitter for iPad</a>",http://a0.twimg.com/profile_images/1127773332/GHJ_Portr_VPNOE_normal.jpg,460,282,3600,http://twitter.com/GHJeitler/statuses/308137196374876160,"{""urls"":[],""hashtags"":[{""text"":""beifunk"",""indices"":[78,86]},{""text"":""noe13"",""indices"":[87,93]}],""user_mentions"":[]}"
308136821114691584,Semmelbroesl,Erwarte ja einen Ansturm wenn ich nach der Messe wieder ins Wahllokal gehe.. #beifunk,Sun Mar 03 08:48:37 +0000 2013,03/03/2013 08:48:37,,de,,,70365383,,"<a href=""http://rowiapp.com"" rel=""nofollow"">rowi for Windows Phone</a>",http://a0.twimg.com/profile_images/3246405915/f5f3732823e24f6d20eba63baada1fe6_normal.jpeg,90,117,3600,http://twitter.com/Semmelbroesl/statuses/308136821114691584,"{""urls"":[],""hashtags"":[{""text"":""beifunk"",""indices"":[77,85]}],""user_mentions"":[]}"
308136412795002880,MarioDujakovic,"Okay, wieder einmal: Zuerst suchen, dann twittern haha #beifunk",Sun Mar 03 08:47:00 +0000 2013,03/03/2013 08:47:00,,de,,,19824617,,"<a href=""http://twitter.com/download/iphone"" rel=""nofollow"">Twitter for iPhone</a>",http://a0.twimg.com/profile_images/2988846110/69bb299b45cf41fc1ac07de5e91e1199_normal.jpeg,437,453,3600,http://twitter.com/MarioDujakovic/statuses/308136412795002880,"{""urls"":[],""hashtags"":[{""text"":""beifunk"",""indices"":[55,63]}],""user_mentions"":[]}"
308136141083770880,MarioDujakovic,Gibt es heute eigentlich wieder einen #beifunk aus #Kärnten und #Niederösterreich?,Sun Mar 03 08:45:55 +0000 2013,03/03/2013 08:45:55,,de,,,19824617,,"<a href=""http://twitter.com/download/iphone"" rel=""nofollow"">Twitter for iPhone</a>",http://a0.twimg.com/profile_images/2988846110/69bb299b45cf41fc1ac07de5e91e1199_normal.jpeg,437,453,3600,http://twitter.com/MarioDujakovic/statuses/308136141083770880,"{""urls"":[],""hashtags"":[{""text"":""beifunk"",""indices"":[38,46]},{""text"":""Kärnten"",""indices"":[51,59]},{""text"":""Niederösterreich"",""indices"":[64,81]}],""user_mentions"":[]}"
308135592447864832,Kosak_Daniel,"Gewaehlt wird immer noch nach der kirche, vor oder nach dem mittagessen. Weils immer so war. #beifunk",Sun Mar 03 08:43:44 +0000 2013,03/03/2013 08:43:44,,de,,,474956396,,"<a href=""http://blackberry.com/twitter"" rel=""nofollow"">Twitter for BlackBerry®</a>",http://a0.twimg.com/profile_images/1782769745/kosak_2011_2_auge_normal.jpg,781,696,7200,http://twitter.com/Kosak_Daniel/statuses/308135592447864832,"{""urls"":[],""hashtags"":[{""text"":""beifunk"",""indices"":[93,101]}],""user_mentions"":[]}"
308134012315115520,microwitz,"""Wahlzuckerlschmaus"" heute ab 14 Uhr im Jugendstiltheater #Klagenfurt / #Celovec http://t.co/yYqkpbM66P #ktn13 #beifunk #kärnten",Sun Mar 03 08:37:28 +0000 2013,03/03/2013 08:37:28,,de,,,210957275,,web,http://a0.twimg.com/profile_images/1157627556/microwitz_normal.jpg,131,134,3600,http://twitter.com/microwitz/statuses/308134012315115520,"{""urls"":[{""expanded_url"":""http://just.vada.cc/"",""indices"":[81,103],""display_url"":""just.vada.cc"",""url"":""http://t.co/yYqkpbM66P""}],""hashtags"":[{""text"":""Klagenfurt"",""indices"":[58,69]},{""text"":""Celovec"",""indices"":[72,80]},{""text"":""ktn13"",""indices"":[104,110]},{""text"":""beifunk"",""indices"":[111,119]},{""text"":""kärnten"",""indices"":[120,128]}],""user_mentions"":[]}"
308131042127118336,Semmelbroesl,@BerengarOppitz #noe13 und für beisitzer zusätzlich #beifunk.,Sun Mar 03 08:25:39 +0000 2013,03/03/2013 08:25:39,,de,398809560,BerengarOppitz,70365383,308130046076395520,"<a href=""http://rowiapp.com"" rel=""nofollow"">rowi for Windows Phone</a>",http://a0.twimg.com/profile_images/3246405915/f5f3732823e24f6d20eba63baada1fe6_normal.jpeg,90,117,3600,http://twitter.com/Semmelbroesl/statuses/308131042127118336,"{""urls"":[],""hashtags"":[{""text"":""noe13"",""indices"":[16,22]},{""text"":""beifunk"",""indices"":[52,60]}],""user_mentions"":[{""id"":398809560,""name"":""Berengar"",""indices"":[0,15],""screen_name"":""BerengarOppitz"",""id_str"":""398809560""}]}"
308130432828968960,Semmelbroesl,"Wahlbeteiligung in Winzendorf/Sprengel1 bisher ned schlecht, in der letzten Stunde 70 Stimmen. #noe13 #beifunk",Sun Mar 03 08:23:14 +0000 2013,03/03/2013 08:23:14,,de,,,70365383,,"<a href=""http://rowiapp.com"" rel=""nofollow"">rowi for Windows Phone</a>",http://a0.twimg.com/profile_images/3246405915/f5f3732823e24f6d20eba63baada1fe6_normal.jpeg,90,117,3600,http://twitter.com/Semmelbroesl/statuses/308130432828968960,"{""urls"":[],""hashtags"":[{""text"":""noe13"",""indices"":[95,101]},{""text"":""beifunk"",""indices"":[102,110]}],""user_mentions"":[]}"
308130172987641856,MiNo5400,@Semmelbroesl #beifunk ist recht etabliert.,Sun Mar 03 08:22:12 +0000 2013,03/03/2013 08:22:12,,de,70365383,Semmelbroesl,21679630,308127031055511552,"<a href=""http://tapbots.com/tweetbot"" rel=""nofollow"">Tweetbot for iOS</a>",http://a0.twimg.com/profile_images/2590964259/24D4D5D8-B4DE-4B78-83F8-98EDEF601BBD_normal,130,485,3600,http://twitter.com/MiNo5400/statuses/308130172987641856,"{""urls"":[],""hashtags"":[{""text"":""beifunk"",""indices"":[14,22]}],""user_mentions"":[{""id"":70365383,""name"":""Matthias"",""indices"":[0,13],""screen_name"":""Semmelbroesl"",""id_str"":""70365383""}]}"
308116767274852352,karntna_bua,so... habts alle zeitungstaschen im umkreis von 30 m mit politwerbung auf den taschenumschlägen entfernt... #ktn13 #noe13 #beifunk,Sun Mar 03 07:28:56 +0000 2013,03/03/2013 07:28:56,,de,,,15776298,,"<a href=""http://www.tweetdeck.com"" rel=""nofollow"">TweetDeck</a>",http://a0.twimg.com/profile_images/1682755922/avatar_normal.jpg,841,1024,3600,http://twitter.com/karntna_bua/statuses/308116767274852352,"{""urls"":[],""hashtags"":[{""text"":""ktn13"",""indices"":[108,114]},{""text"":""noe13"",""indices"":[115,121]},{""text"":""beifunk"",""indices"":[122,130]}],""user_mentions"":[]}"
308115343631589376,StefanEitler,"Langsam strömen die Wähler herein! 2,4%! #beifunk #sprengel13 @GHJeitler",Sun Mar 03 07:23:17 +0000 2013,03/03/2013 07:23:17,,de,,,1224684714,,"<a href=""https://mobile.twitter.com"" rel=""nofollow"">Mobile Web (M5)</a>",http://a0.twimg.com/profile_images/3314633352/126d5088569a0bfabffe195873757a37_normal.jpeg,7,75,3600,http://twitter.com/StefanEitler/statuses/308115343631589376,"{""urls"":[],""hashtags"":[{""text"":""beifunk"",""indices"":[41,49]},{""text"":""sprengel13"",""indices"":[50,61]}],""user_mentions"":[{""id"":18292054,""name"":""Georg H. Jeitler"",""indices"":[62,72],""screen_name"":""GHJeitler"",""id_str"":""18292054""}]}"
308112107788980224,GHJeitler,"@hubertweitzer Wahlbeteiligung bisher 1% bei mir im Sprengel 29, Baden. Mehr gibts nicht. ;-) #noe13 #beifunk",Sun Mar 03 07:10:25 +0000 2013,03/03/2013 07:10:25,,de,128512536,hubertweitzer,18292054,308093211543482370,"<a href=""http://twitter.com/#!/download/ipad"" rel=""nofollow"">Twitter for iPad</a>",http://a0.twimg.com/profile_images/1127773332/GHJ_Portr_VPNOE_normal.jpg,460,282,3600,http://twitter.com/GHJeitler/statuses/308112107788980224,"{""urls"":[],""hashtags"":[{""text"":""noe13"",""indices"":[94,100]},{""text"":""beifunk"",""indices"":[101,109]}],""user_mentions"":[{""id"":128512536,""name"":""Hubert J. Weitzer"",""indices"":[0,14],""screen_name"":""hubertweitzer"",""id_str"":""128512536""}]}"
308108666278649857,GHJeitler,Noch nicht mal 1% Wahlbeteiligung nach 1 Stunde. #beifunk #noe13,Sun Mar 03 06:56:45 +0000 2013,03/03/2013 06:56:45,,de,,,18292054,,web,http://a0.twimg.com/profile_images/1127773332/GHJ_Portr_VPNOE_normal.jpg,460,282,3600,http://twitter.com/GHJeitler/statuses/308108666278649857,"{""urls"":[],""hashtags"":[{""text"":""beifunk"",""indices"":[49,57]},{""text"":""noe13"",""indices"":[58,64]}],""user_mentions"":[]}"
308106320823844864,karntna_bua,traumtag zum schifahrn... oba man erfüllt brav seine pflicht... #ktn13 #beifunk,Sun Mar 03 06:47:25 +0000 2013,03/03/2013 06:47:25,,de,,,15776298,,"<a href=""http://www.tweetdeck.com"" rel=""nofollow"">TweetDeck</a>",http://a0.twimg.com/profile_images/1682755922/avatar_normal.jpg,841,1024,3600,http://twitter.com/karntna_bua/statuses/308106320823844864,"{""urls"":[],""hashtags"":[{""text"":""ktn13"",""indices"":[64,70]},{""text"":""beifunk"",""indices"":[71,79]}],""user_mentions"":[]}"
308103998253195264,karntna_bua,@Kosak_Daniel so alle #beifunk-rechte der welt...  .),Sun Mar 03 06:38:12 +0000 2013,03/03/2013 06:38:12,,de,474956396,Kosak_Daniel,15776298,308102981012828160,"<a href=""http://www.tweetdeck.com"" rel=""nofollow"">TweetDeck</a>",http://a0.twimg.com/profile_images/1682755922/avatar_normal.jpg,841,1024,3600,http://twitter.com/karntna_bua/statuses/308103998253195264,"{""urls"":[],""hashtags"":[{""text"":""beifunk"",""indices"":[22,30]}],""user_mentions"":[{""id"":474956396,""name"":""Daniel Kosak"",""indices"":[0,13],""screen_name"":""Kosak_Daniel"",""id_str"":""474956396""}]}"
308096941575786496,Kosak_Daniel,"Uebrigens kam noch ein extra erlass der wahlbehoerde, dass keine teilergebnisse vor 17 Uhr ausm wahllokal veroeff werden duerfen #beifunk",Sun Mar 03 06:10:09 +0000 2013,03/03/2013 06:10:09,,de,,,474956396,,"<a href=""http://blackberry.com/twitter"" rel=""nofollow"">Twitter for BlackBerry®</a>",http://a0.twimg.com/profile_images/1782769745/kosak_2011_2_auge_normal.jpg,781,696,7200,http://twitter.com/Kosak_Daniel/statuses/308096941575786496,"{""urls"":[],""hashtags"":[{""text"":""beifunk"",""indices"":[129,137]}],""user_mentions"":[]}"
308096543179812864,Kosak_Daniel,Natuerlich verbring ich meinen sonntag am liebsten im wahllokal mit listen schreiben #beifunk,Sun Mar 03 06:08:34 +0000 2013,03/03/2013 06:08:34,,de,,,474956396,,"<a href=""http://blackberry.com/twitter"" rel=""nofollow"">Twitter for BlackBerry®</a>",http://a0.twimg.com/profile_images/1782769745/kosak_2011_2_auge_normal.jpg,781,696,7200,http://twitter.com/Kosak_Daniel/statuses/308096543179812864,"{""urls"":[],""hashtags"":[{""text"":""beifunk"",""indices"":[85,93]}],""user_mentions"":[]}"
308093552615895040,ChristophFreina,@karntna_bua Guten Morgen – und Sperrfrist beachten. ;-) #ktn13 #beifunk,Sun Mar 03 05:56:41 +0000 2013,03/03/2013 05:56:41,,de,15776298,karntna_bua,261867800,308090996544114688,"<a href=""http://www.tweetdeck.com"" rel=""nofollow"">TweetDeck</a>",http://a0.twimg.com/profile_images/2898305991/74224b5e4de39a655ba7686163b539cd_normal.jpeg,254,325,3600,http://twitter.com/ChristophFreina/statuses/308093552615895040,"{""urls"":[],""hashtags"":[{""text"":""ktn13"",""indices"":[57,63]},{""text"":""beifunk"",""indices"":[64,72]}],""user_mentions"":[{""id"":15776298,""name"":""Christian Passin"",""indices"":[0,12],""screen_name"":""karntna_bua"",""id_str"":""15776298""}]}"
308093211543482370,hubertweitzer,an den #beifunk in #ktn13 und #noe13. gibt´s schon ergebnisse?,Sun Mar 03 05:55:20 +0000 2013,03/03/2013 05:55:20,,de,,,128512536,,web,http://a0.twimg.com/profile_images/2942598041/df2f5059ebec053f2279dc8aaddf402c_normal.jpeg,749,1548,,http://twitter.com/hubertweitzer/statuses/308093211543482370,"{""urls"":[],""hashtags"":[{""text"":""beifunk"",""indices"":[7,15]},{""text"":""ktn13"",""indices"":[19,25]},{""text"":""noe13"",""indices"":[30,36]}],""user_mentions"":[]}"
308090996544114688,karntna_bua,so...  platz mit steckdose sichern... check... #ktn13 #beifunk,Sun Mar 03 05:46:32 +0000 2013,03/03/2013 05:46:32,,de,,,15776298,,"<a href=""http://www.tweetdeck.com"" rel=""nofollow"">TweetDeck</a>",http://a0.twimg.com/profile_images/1682755922/avatar_normal.jpg,841,1024,3600,http://twitter.com/karntna_bua/statuses/308090996544114688,"{""urls"":[],""hashtags"":[{""text"":""ktn13"",""indices"":[47,53]},{""text"":""beifunk"",""indices"":[54,62]}],""user_mentions"":[]}"
308090136372076544,GHJeitler,Weitere unpassende Lektüreideen fürs Wahllokal. #beifunk http://t.co/CMqQR0s47b,Sun Mar 03 05:43:07 +0000 2013,03/03/2013 05:43:07,,de,,,18292054,,"<a href=""http://twitter.com/download/iphone"" rel=""nofollow"">Twitter for iPhone</a>",http://a0.twimg.com/profile_images/1127773332/GHJ_Portr_VPNOE_normal.jpg,460,282,3600,http://twitter.com/GHJeitler/statuses/308090136372076544,"{""urls"":[],""hashtags"":[{""text"":""beifunk"",""indices"":[48,56]}],""media"":[{""sizes"":{""small"":{""w"":340,""resize"":""fit"",""h"":255},""thumb"":{""w"":150,""resize"":""crop"",""h"":150},""large"":{""w"":1024,""resize"":""fit"",""h"":768},""medium"":{""w"":600,""resize"":""fit"",""h"":450}},""id"":308090136380465152,""media_url_https"":""https://pbs.twimg.com/media/BEaOWMHCYAAQGPO.jpg"",""media_url"":""http://pbs.twimg.com/media/BEaOWMHCYAAQGPO.jpg"",""expanded_url"":""http://twitter.com/GHJeitler/status/308090136372076544/photo/1"",""indices"":[57,79],""id_str"":""308090136380465152"",""type"":""photo"",""display_url"":""pic.twitter.com/CMqQR0s47b"",""url"":""http://t.co/CMqQR0s47b""}],""user_mentions"":[]}"
308088052847366145,GHJeitler,"Kommt glaub ich nicht so gut, als Lektüre beim Wahllokalsitzen ... ;-) #beifunk http://t.co/9WvPBV3IMt",Sun Mar 03 05:34:50 +0000 2013,03/03/2013 05:34:50,,de,,,18292054,,"<a href=""http://twitter.com/download/iphone"" rel=""nofollow"">Twitter for iPhone</a>",http://a0.twimg.com/profile_images/1127773332/GHJ_Portr_VPNOE_normal.jpg,460,282,3600,http://twitter.com/GHJeitler/statuses/308088052847366145,"{""urls"":[],""hashtags"":[{""text"":""beifunk"",""indices"":[71,79]}],""media"":[{""sizes"":{""small"":{""w"":340,""resize"":""fit"",""h"":453},""thumb"":{""w"":150,""resize"":""crop"",""h"":150},""large"":{""w"":768,""resize"":""fit"",""h"":1024},""medium"":{""w"":600,""resize"":""fit"",""h"":800}},""id"":308088052855754753,""media_url_https"":""https://pbs.twimg.com/media/BEaMc6YCUAE5i2X.jpg"",""media_url"":""http://pbs.twimg.com/media/BEaMc6YCUAE5i2X.jpg"",""expanded_url"":""http://twitter.com/GHJeitler/status/308088052847366145/photo/1"",""indices"":[80,102],""id_str"":""308088052855754753"",""type"":""photo"",""display_url"":""pic.twitter.com/9WvPBV3IMt"",""url"":""http://t.co/9WvPBV3IMt""}],""user_mentions"":[]}"
308087821263044609,karntna_bua,ausblick vom wahllokal... #stveit #ktn13 #beifunk http://t.co/CO3oBWBgnn,Sun Mar 03 05:33:55 +0000 2013,03/03/2013 05:33:55,,de,,,15776298,,"<a href=""http://instagram.com"" rel=""nofollow"">Instagram</a>",http://a0.twimg.com/profile_images/1682755922/avatar_normal.jpg,841,1024,3600,http://twitter.com/karntna_bua/statuses/308087821263044609,"{""urls"":[{""expanded_url"":""http://instagr.am/p/WYj5HepgPQ/"",""indices"":[50,72],""display_url"":""instagr.am/p/WYj5HepgPQ/"",""url"":""http://t.co/CO3oBWBgnn""}],""hashtags"":[{""text"":""stveit"",""indices"":[26,33]},{""text"":""ktn13"",""indices"":[34,40]},{""text"":""beifunk"",""indices"":[41,49]}],""user_mentions"":[]}"
308082268612726784,GHJeitler,Der Preis der Demokratie: Am Sonntag vor 6 Uhr aufstehen und den ganzen Tag im Wahllokal verbringen. #beifunk ist eröffnet!,Sun Mar 03 05:11:51 +0000 2013,03/03/2013 05:11:51,,de,,,18292054,,"<a href=""http://twitter.com/download/iphone"" rel=""nofollow"">Twitter for iPhone</a>",http://a0.twimg.com/profile_images/1127773332/GHJ_Portr_VPNOE_normal.jpg,460,282,3600,http://twitter.com/GHJeitler/statuses/308082268612726784,"{""urls"":[],""hashtags"":[{""text"":""beifunk"",""indices"":[101,109]}],""user_mentions"":[]}"
308076395052023808,karntna_bua,guten morgen von #ktn13 nach #noe13... #beifunk,Sun Mar 03 04:48:31 +0000 2013,03/03/2013 04:48:31,,de,,,15776298,,"<a href=""http://www.tweetdeck.com"" rel=""nofollow"">TweetDeck</a>",http://a0.twimg.com/profile_images/1682755922/avatar_normal.jpg,841,1024,3600,http://twitter.com/karntna_bua/statuses/308076395052023808,"{""urls"":[],""hashtags"":[{""text"":""ktn13"",""indices"":[17,23]},{""text"":""noe13"",""indices"":[29,35]},{""text"":""beifunk"",""indices"":[39,47]}],""user_mentions"":[]}"
307970822922973184,IsabellaKubicek,Bin schon auf den #beifunk aus ktn und noe gespannt. Ob sich die beisitzerInnen an sperrfristen halten werden? #ktn13 #noe13,Sat Mar 02 21:49:00 +0000 2013,02/03/2013 21:49:00,,de,,,394062919,,"<a href=""http://twitter.com/download/android"" rel=""nofollow"">Twitter for Android</a>",http://a0.twimg.com/profile_images/2856360180/fe0d49670b832d7a254140b2da491853_normal.jpeg,108,241,3600,http://twitter.com/IsabellaKubicek/statuses/307970822922973184,"{""urls"":[],""hashtags"":[{""text"":""beifunk"",""indices"":[18,26]},{""text"":""ktn13"",""indices"":[111,117]},{""text"":""noe13"",""indices"":[118,124]}],""user_mentions"":[]}"
307938768671883264,Vilinthril,.@Kosak_Daniel @rosalyon Hoffentlich nicht nur du – &lt;3 #Beifunk!,Sat Mar 02 19:41:38 +0000 2013,02/03/2013 19:41:38,,en,474956396,Kosak_Daniel,263647843,307937768787554304,web,http://a0.twimg.com/profile_images/3282008212/5223b4ac62e4f32f73ec631b84b168a0_normal.jpeg,355,675,3600,http://twitter.com/Vilinthril/statuses/307938768671883264,"{""urls"":[],""hashtags"":[{""text"":""Beifunk"",""indices"":[58,66]}],""user_mentions"":[{""id"":474956396,""name"":""Daniel Kosak"",""indices"":[1,14],""screen_name"":""Kosak_Daniel"",""id_str"":""474956396""},{""id"":72318188,""name"":""Rosa Lyon"",""indices"":[15,24],""screen_name"":""rosalyon"",""id_str"":""72318188""}]}"
307937810411827200,stefan2904,@mayer_michl unbedingt. aber evtl ohne Ergebnisse? ;) #beifunk,Sat Mar 02 19:37:49 +0000 2013,02/03/2013 19:37:49,,en,53034800,mayer_michl,1549341,307937694389002240,"<a href=""http://www.tweetdeck.com"" rel=""nofollow"">TweetDeck</a>",http://a0.twimg.com/profile_images/2046713220/LMHRshow_normal.gif,842,561,3600,http://twitter.com/stefan2904/statuses/307937810411827200,"{""urls"":[],""hashtags"":[{""text"":""beifunk"",""indices"":[54,62]}],""user_mentions"":[{""id"":53034800,""name"":""michael mayer"",""indices"":[0,12],""screen_name"":""mayer_michl"",""id_str"":""53034800""}]}"
307937768787554304,Kosak_Daniel,Auf speziellen Wunsch der werten @rosalyon werde ich morgen wieder unter #beifunk aus dem wahllokal twittern. ohne sperrfrist-verletzung,Sat Mar 02 19:37:39 +0000 2013,02/03/2013 19:37:39,,de,,,474956396,,web,http://a0.twimg.com/profile_images/1782769745/kosak_2011_2_auge_normal.jpg,781,696,7200,http://twitter.com/Kosak_Daniel/statuses/307937768787554304,"{""urls"":[],""hashtags"":[{""text"":""beifunk"",""indices"":[73,81]}],""user_mentions"":[{""id"":72318188,""name"":""Rosa Lyon"",""indices"":[33,42],""screen_name"":""rosalyon"",""id_str"":""72318188""}]}"
307937694389002240,mayer_michl,morgen #beifunk ja oder nein? #noe13 #ktn13,Sat Mar 02 19:37:22 +0000 2013,02/03/2013 19:37:22,,en,,,53034800,,"<a href=""https://mobile.twitter.com"" rel=""nofollow"">Mobile Web (M2)</a>",http://a0.twimg.com/profile_images/3039760898/7296ed2b0a0437f1851cf46a5c0ad52f_normal.jpeg,364,424,-10800,http://twitter.com/mayer_michl/statuses/307937694389002240,"{""urls"":[],""hashtags"":[{""text"":""beifunk"",""indices"":[7,15]},{""text"":""noe13"",""indices"":[30,36]},{""text"":""ktn13"",""indices"":[37,43]}],""user_mentions"":[]}"
307936821877297153,rosalyon,@Kosak_Daniel ich bitte darum. bei der Volksbefragung war #beifunk wirklich spannend - ohne dabei Sperrfrist zu brechen!,Sat Mar 02 19:33:54 +0000 2013,02/03/2013 19:33:54,,en,474956396,Kosak_Daniel,72318188,307936468058374144,"<a href=""http://twitter.com/download/iphone"" rel=""nofollow"">Twitter for iPhone</a>",http://a0.twimg.com/profile_images/3228459052/8e70ce76ceac5a207d01b80c339ff170_normal.jpeg,545,337,7200,http://twitter.com/rosalyon/statuses/307936821877297153,"{""urls"":[],""hashtags"":[{""text"":""beifunk"",""indices"":[58,66]}],""user_mentions"":[{""id"":474956396,""name"":""Daniel Kosak"",""indices"":[0,13],""screen_name"":""Kosak_Daniel"",""id_str"":""474956396""}]}"
307908312433844225,karntna_bua,"checkliste für wahlbeisitzer... ersatzhandy, ladekabel, verlängerungskabel... o.k.... check... #beifunk #ktn13",Sat Mar 02 17:40:37 +0000 2013,02/03/2013 17:40:37,,de,,,15776298,,"<a href=""http://www.tweetdeck.com"" rel=""nofollow"">TweetDeck</a>",http://a0.twimg.com/profile_images/1682755922/avatar_normal.jpg,841,1024,3600,http://twitter.com/karntna_bua/statuses/307908312433844225,"{""urls"":[],""hashtags"":[{""text"":""beifunk"",""indices"":[95,103]},{""text"":""ktn13"",""indices"":[104,110]}],""user_mentions"":[]}"
307136027687002112,desperado_joe,"ich hoffe, dass dies am sonntag disziplinierter abläuft #sperrfrist #beifunk #noe13 #ktn2013 http://t.co/I5FnNLavc7",Thu Feb 28 14:31:49 +0000 2013,28/02/2013 14:31:49,,de,,,339701795,,web,http://a0.twimg.com/profile_images/1453428837/fischaug_normal.jpg,37,167,3600,http://twitter.com/desperado_joe/statuses/307136027687002112,"{""urls"":[{""expanded_url"":""http://derstandard.at/1361241274832/Wozu-wir-Sperrfristen-brauchen"",""indices"":[93,115],""display_url"":""derstandard.at/1361241274832/\u2026"",""url"":""http://t.co/I5FnNLavc7""}],""hashtags"":[{""text"":""sperrfrist"",""indices"":[56,67]},{""text"":""beifunk"",""indices"":[68,76]},{""text"":""noe13"",""indices"":[77,83]},{""text"":""ktn2013"",""indices"":[84,92]}],""user_mentions"":[]}"
306857347538636800,karntna_bua,@Svejk btw... der ideale hashtag warat ja #karntnsitzt... .) #ktn13 #beifunk,Wed Feb 27 20:04:27 +0000 2013,27/02/2013 20:04:27,,de,6467932,Svejk,15776298,306853508487983105,"<a href=""http://www.tweetdeck.com"" rel=""nofollow"">TweetDeck</a>",http://a0.twimg.com/profile_images/1682755922/avatar_normal.jpg,841,1024,3600,http://twitter.com/karntna_bua/statuses/306857347538636800,"{""urls"":[],""hashtags"":[{""text"":""karntnsitzt"",""indices"":[42,54]},{""text"":""ktn13"",""indices"":[61,67]},{""text"":""beifunk"",""indices"":[68,76]}],""user_mentions"":[{""id"":6467932,""name"":""Gerhard W. Loub"",""indices"":[0,6],""screen_name"":""Svejk"",""id_str"":""6467932""}]}"
306853880325619713,WahlenRT,RT @karntna_bua: wie schauts aus am sunte...  läuft wieda #beifunk? - #ktn13 #ktn2013 #kärnten #-wahlen,Wed Feb 27 19:50:40 +0000 2013,27/02/2013 19:50:40,,de,,,67136835,,"<a href=""http://on.fb.me/botsupport"" rel=""nofollow"">Botserver</a>",http://a0.twimg.com/profile_images/936352584/wahlenrt_normal.jpg,1154,2001,3600,http://twitter.com/WahlenRT/statuses/306853880325619713,"{""urls"":[],""hashtags"":[{""text"":""beifunk"",""indices"":[58,66]},{""text"":""ktn13"",""indices"":[70,76]},{""text"":""ktn2013"",""indices"":[77,85]},{""text"":""kärnten"",""indices"":[86,94]}],""user_mentions"":[{""id"":15776298,""name"":""Christian Passin"",""indices"":[3,15],""screen_name"":""karntna_bua"",""id_str"":""15776298""}]}"
306853508487983105,Svejk,"@karntna_bua Hoffe schwer, dass diesmal alles legal abgeht #beifunk",Wed Feb 27 19:49:12 +0000 2013,27/02/2013 19:49:12,,de,15776298,karntna_bua,6467932,306853145340960768,"<a href=""http://www.hootsuite.com"" rel=""nofollow"">HootSuite</a>",http://a0.twimg.com/profile_images/1640876950/gerhardbearbeitethg2_normal.jpg,2333,955,3600,http://twitter.com/Svejk/statuses/306853508487983105,"{""urls"":[],""hashtags"":[{""text"":""beifunk"",""indices"":[59,67]}],""user_mentions"":[{""id"":15776298,""name"":""Christian Passin"",""indices"":[0,12],""screen_name"":""karntna_bua"",""id_str"":""15776298""}]}"
306853145340960768,karntna_bua,wie schauts aus am sunte...  läuft wieda #beifunk? - #ktn13 #ktn2013 #kärnten #wahlen,Wed Feb 27 19:47:45 +0000 2013,27/02/2013 19:47:45,,de,,,15776298,,"<a href=""http://www.tweetdeck.com"" rel=""nofollow"">TweetDeck</a>",http://a0.twimg.com/profile_images/1682755922/avatar_normal.jpg,841,1024,3600,http://twitter.com/karntna_bua/statuses/306853145340960768,"{""urls"":[],""hashtags"":[{""text"":""beifunk"",""indices"":[41,49]},{""text"":""ktn13"",""indices"":[53,59]},{""text"":""ktn2013"",""indices"":[60,68]},{""text"":""kärnten"",""indices"":[69,77]},{""text"":""wahlen"",""indices"":[78,85]}],""user_mentions"":[]}"
306805319550509056,stefan2904,An alle Wahl-BeisitzerInnen am Sonntag: Hashtag wieder #beifunk - danke! #ktn13 #noe13,Wed Feb 27 16:37:43 +0000 2013,27/02/2013 16:37:43,,en,,,1549341,,"<a href=""http://www.tweetdeck.com"" rel=""nofollow"">TweetDeck</a>",http://a0.twimg.com/profile_images/2046713220/LMHRshow_normal.gif,842,561,3600,http://twitter.com/stefan2904/statuses/306805319550509056,"{""urls"":[],""hashtags"":[{""text"":""beifunk"",""indices"":[55,63]},{""text"":""ktn13"",""indices"":[73,79]},{""text"":""noe13"",""indices"":[80,86]}],""user_mentions"":[]}"
306453919624744960,bernhardjordan,"Nachdem das bei der Volksbefragung nicht ganz so hingehaut hat, bitte diesmal Sperrfristen einhalten #beifunk http://t.co/xsAjT952F3",Tue Feb 26 17:21:22 +0000 2013,26/02/2013 17:21:22,,de,,,25583565,,"<a href=""http://twitter.com/#!/download/ipad"" rel=""nofollow"">Twitter for iPad</a>",http://a0.twimg.com/profile_images/2573116255/ek9zp0ako87n0b7n927f_normal.gif,215,470,3600,http://twitter.com/bernhardjordan/statuses/306453919624744960,"{""urls"":[{""expanded_url"":""http://derstandard.at/1358304198985/Sperrfristen-bei-Volksbefragung-Im-Internet-brachen-alle-Daemme"",""indices"":[110,132],""display_url"":""derstandard.at/1358304198985/\u2026"",""url"":""http://t.co/xsAjT952F3""}],""hashtags"":[{""text"":""beifunk"",""indices"":[101,109]}],""user_mentions"":[]}"
306453475569582080,bernhardjordan,Ich werd am Sonntag übrigens wieder aus einem Pensionist_innensprengel #beifunk|en und über die Wahlbeteiligung twittern. #ltw13 #ltwktn,Tue Feb 26 17:19:36 +0000 2013,26/02/2013 17:19:36,,de,,,25583565,,"<a href=""http://twitter.com/#!/download/ipad"" rel=""nofollow"">Twitter for iPad</a>",http://a0.twimg.com/profile_images/2573116255/ek9zp0ako87n0b7n927f_normal.gif,215,470,3600,http://twitter.com/bernhardjordan/statuses/306453475569582080,"{""urls"":[],""hashtags"":[{""text"":""beifunk"",""indices"":[71,79]},{""text"":""ltw13"",""indices"":[122,128]},{""text"":""ltwktn"",""indices"":[129,136]}],""user_mentions"":[]}"